City_ID,City,Country,Date,Lat,Lng,Max Temp,Humidity,Cloudiness,Wind Speed
0,Rikitea,PF,2021-03-08 18:53:54,-23.1203,-134.9692,80.85,80,53,13.18
1,Biak,ID,2021-03-08 18:53:54,-0.9131,122.8766,75.94,82,91,2.84
2,Saint-Philippe,RE,2021-03-08 18:53:55,-21.3585,55.7679,78.8,78,0,5.75
3,Husavik,IS,2021-03-08 18:53:55,66.0449,-17.3389,42.8,65,40,16.11
4,Calvinia,ZA,2021-03-08 18:53:56,-31.4707,19.776,57.85,53,100,5.73
5,Tongliao,CN,2021-03-08 18:53:56,43.6125,122.2653,32.58,88,0,7.61
6,Saint Anthony,US,2021-03-08 18:53:57,45.0205,-93.218,55.4,33,75,5.75
7,Butaritari,KI,2021-03-08 18:53:57,3.0707,172.7902,80.51,77,100,11.34
8,Mataura,NZ,2021-03-08 18:53:57,-46.1927,168.8643,50.0,87,75,3.0
9,Ushuaia,AR,2021-03-08 18:51:56,-54.8,-68.3,57.2,51,75,10.36
10,Zhezkazgan,KZ,2021-03-08 18:53:58,47.8043,67.7144,4.5,91,0,2.82
11,Hermanus,ZA,2021-03-08 18:53:59,-34.4187,19.2345,57.0,80,32,8.19
12,Punta Arenas,CL,2021-03-08 18:52:13,-53.15,-70.9167,62.6,45,40,33.38
13,Flinders,AU,2021-03-08 18:54:00,-34.5833,150.8552,64.99,84,0,1.01
14,Vaini,TO,2021-03-08 18:54:01,-21.2,-175.2,75.2,78,20,11.5
15,Geraldton,AU,2021-03-08 18:54:01,-28.7667,114.6,71.6,88,97,5.75
16,Sampit,ID,2021-03-08 18:54:01,-2.5333,112.95,72.68,97,90,2.66
17,Albany,US,2021-03-08 18:53:38,42.6001,-73.9662,37.99,23,67,4.0
18,New Norfolk,AU,2021-03-08 18:54:02,-42.7826,147.0587,57.0,60,96,4.0
19,Vieques,PR,2021-03-08 18:54:03,18.425,-65.8329,84.2,70,20,13.8
20,Zawiercie,PL,2021-03-08 18:50:44,50.4877,19.4168,30.0,72,0,3.98
21,Laguna,US,2021-03-08 18:54:03,38.421,-121.4238,55.99,50,1,16.11
22,Ponnani,IN,2021-03-08 18:54:04,10.767,75.9252,80.6,74,20,3.4
23,Qaanaaq,GL,2021-03-08 18:54:04,77.484,-69.3632,-8.66,66,56,6.38
24,Avarua,CK,2021-03-08 18:54:05,-21.2078,-159.775,80.6,89,75,13.8
25,Umm Kaddadah,SD,2021-03-08 18:54:05,13.6017,26.6876,76.14,14,21,14.23
26,Bjornevatn,NO,2021-03-08 18:54:06,69.6672,29.9847,-2.2,84,0,5.75
27,Puerto Ayora,EC,2021-03-08 18:54:06,-0.7393,-90.3518,84.2,74,20,11.5
28,Hohhot,CN,2021-03-08 18:54:07,40.8106,111.6522,28.4,86,0,4.47
29,Talavera,PH,2021-03-08 18:52:11,15.6167,120.9333,75.2,73,40,2.3
30,Busselton,AU,2021-03-08 18:54:07,-33.65,115.3333,66.0,85,0,4.0
31,Upernavik,GL,2021-03-08 18:54:07,72.7868,-56.1549,-4.83,82,76,11.56
32,Ponta Do Sol,PT,2021-03-08 18:54:08,32.6667,-17.1,62.01,72,75,9.22
33,Guerrero Negro,MX,2021-03-08 18:54:08,27.9769,-114.0611,63.16,62,100,17.85
34,Bluff,NZ,2021-03-08 18:54:09,-46.6,168.3333,50.0,87,93,3.0
35,Port Elizabeth,ZA,2021-03-08 18:54:09,-33.918,25.5701,66.2,68,75,12.66
36,Luwuk,ID,2021-03-08 18:54:09,-0.9516,122.7875,76.48,75,100,3.67
37,Quebo,GW,2021-03-08 18:54:10,11.3333,-14.9333,80.37,59,0,9.93
38,Castro,BR,2021-03-08 18:54:11,-24.7911,-50.0119,73.49,79,21,3.29
39,Victoria,HK,2021-03-08 18:54:11,22.2855,114.1577,66.99,85,40,1.99
40,Hilo,US,2021-03-08 18:52:56,19.7297,-155.09,69.8,83,90,4.61
41,Mahebourg,MU,2021-03-08 18:54:12,-20.4081,57.7,78.8,89,40,3.44
42,Korla,CN,2021-03-08 18:54:13,41.7597,86.1469,43.43,59,0,2.26
43,Nador,MA,2021-03-08 18:54:13,35.174,-2.9287,59.0,72,0,5.75
44,Lasa,IT,2021-03-08 18:54:13,46.6166,10.7002,51.8,43,0,6.91
45,Quatre Cocos,MU,2021-03-08 18:54:14,-20.2078,57.7625,78.8,89,40,3.44
46,Kapaa,US,2021-03-08 18:54:15,22.0752,-159.319,73.99,83,90,19.57
47,Nikolskoye,RU,2021-03-08 18:54:15,59.7035,30.7861,17.6,57,75,8.95
48,Mount Gambier,AU,2021-03-08 18:54:15,-37.8333,140.7667,55.4,100,90,8.05
49,Port Alfred,ZA,2021-03-08 18:54:16,-33.5906,26.891,66.0,80,100,1.99
50,Kenora,CA,2021-03-08 18:54:16,49.8167,-94.4337,42.8,56,40,9.22
51,Ancud,CL,2021-03-08 18:54:17,-41.8697,-73.8203,64.0,63,0,6.91
52,Chuy,UY,2021-03-08 18:54:17,-33.6971,-53.4616,78.44,59,100,7.94
53,Gizo,SB,2021-03-08 18:54:17,-8.103,156.8419,81.5,75,61,6.08
54,Kruisfontein,ZA,2021-03-08 18:54:18,-34.0033,24.7314,64.99,75,100,1.99
55,Erenhot,CN,2021-03-08 18:54:18,43.6475,111.9767,33.33,81,0,2.82
56,Tuktoyaktuk,CA,2021-03-08 18:54:18,69.4541,-133.0374,-29.2,75,1,3.44
57,Hulan,CN,2021-03-08 18:54:19,45.9833,126.6,33.01,80,98,17.9
58,Cabo San Lucas,MX,2021-03-08 18:52:42,22.8909,-109.9124,81.0,49,1,9.22
59,Banda Aceh,ID,2021-03-08 18:54:19,5.5577,95.3222,78.67,81,33,6.38
60,Tuatapere,NZ,2021-03-08 18:54:20,-46.1333,167.6833,50.0,87,99,3.0
61,Dikson,RU,2021-03-08 18:54:20,73.5069,80.5464,-25.53,88,99,4.03
62,Tual,ID,2021-03-08 18:54:21,-5.6667,132.75,82.83,78,100,17.52
63,Bredasdorp,ZA,2021-03-08 18:54:21,-34.5322,20.0403,59.0,63,42,4.61
64,Thompson,CA,2021-03-08 18:54:21,55.7435,-97.8558,35.6,60,40,12.66
65,Codrington,AU,2021-03-08 18:54:22,-38.2667,141.9667,58.19,86,96,8.99
66,Asfi,MA,2021-03-08 18:54:22,32.2994,-9.2372,57.56,74,0,13.89
67,Honningsvag,NO,2021-03-08 18:54:23,70.9821,25.9704,21.2,68,0,9.22
68,Viedma,AR,2021-03-08 18:54:23,-40.8135,-62.9967,73.87,20,87,5.39
69,Cidreira,BR,2021-03-08 18:54:23,-30.1811,-50.2056,78.4,67,4,7.02
70,Hobart,AU,2021-03-08 18:54:24,-42.8794,147.3294,59.0,63,75,5.75
71,Clyde River,CA,2021-03-08 18:54:24,70.4692,-68.5914,-4.0,84,90,2.15
72,Meulaboh,ID,2021-03-08 18:54:25,4.1363,96.1285,76.05,86,64,4.12
73,Hithadhoo,MV,2021-03-08 18:54:25,-0.6,73.0833,84.06,66,2,7.43
74,Yellowknife,CA,2021-03-08 18:54:25,62.456,-114.3525,-6.0,59,20,12.66
75,Kavieng,PG,2021-03-08 18:54:26,-2.5744,150.7967,81.36,78,100,11.48
76,Camacupa,AO,2021-03-08 18:54:26,-12.0167,17.4833,64.18,74,1,2.39
77,Haines Junction,CA,2021-03-08 18:54:26,60.7522,-137.5108,1.4,60,0,1.14
78,Lavrentiya,RU,2021-03-08 18:54:27,65.5833,-171.0,15.42,90,100,7.0
79,Talaya,RU,2021-03-08 18:54:27,61.3833,152.75,-29.81,74,0,1.16
80,Bethel,US,2021-03-08 18:54:28,41.3712,-73.414,37.99,30,1,10.36
81,Katsuura,JP,2021-03-08 18:54:28,35.1333,140.3,46.0,72,83,8.01
82,Fairbanks,US,2021-03-08 18:54:29,64.8378,-147.7164,19.0,85,75,3.44
83,Luanda,AO,2021-03-08 18:52:26,-8.8368,13.2343,82.4,44,75,10.36
84,Coihaique,CL,2021-03-08 18:54:29,-45.5752,-72.0662,59.0,44,75,9.22
85,Maloy,NO,2021-03-08 18:54:30,61.9353,5.1136,39.2,70,75,16.11
86,Pevek,RU,2021-03-08 18:54:30,69.7008,170.3133,-17.41,89,100,5.75
87,Hami,CN,2021-03-08 18:54:30,42.8,93.45,42.06,57,98,1.14
88,Simao,CN,2021-03-08 18:54:31,22.7886,100.9748,57.47,37,0,0.94
89,Sao Filipe,CV,2021-03-08 18:54:31,14.8961,-24.4956,70.3,74,52,13.82
90,Apache Junction,US,2021-03-08 18:54:31,33.4151,-111.5496,82.99,18,40,9.22
91,Rocha,UY,2021-03-08 18:54:32,-34.4833,-54.3333,73.67,75,100,8.77
92,Zambezi,ZM,2021-03-08 18:54:32,-13.5432,23.1047,67.03,91,100,3.89
93,Turochak,RU,2021-03-08 18:54:32,52.2576,87.1224,30.07,98,100,1.16
94,Sagua La Grande,CU,2021-03-08 18:54:32,22.8067,-80.0756,73.4,53,75,20.71
95,Mersing,MY,2021-03-08 18:54:33,2.4312,103.8405,78.8,83,87,10.36
96,Pangnirtung,CA,2021-03-08 18:54:33,66.1451,-65.7125,-0.4,71,75,1.16
97,Margate,GB,2021-03-08 18:54:33,51.3813,1.3862,44.01,63,100,1.99
98,Semnan,IR,2021-03-08 18:54:34,35.5729,53.3971,51.82,42,8,1.54
99,Vernon,CA,2021-03-08 18:54:34,50.2581,-119.2691,39.0,60,0,3.44
100,Deputatskiy,RU,2021-03-08 18:54:35,69.3,139.9,-20.78,87,95,5.82
101,Esperance,AU,2021-03-08 18:54:35,-33.8667,121.9,62.6,88,55,10.36
102,Kudahuvadhoo,MV,2021-03-08 18:54:35,2.6708,72.8944,82.87,76,3,10.18
103,Arraial Do Cabo,BR,2021-03-08 18:54:36,-22.9661,-42.0278,82.4,69,75,10.36
104,Constitucion,CL,2021-03-08 18:54:37,-35.3333,-72.4167,73.15,39,0,13.96
105,Saskylakh,RU,2021-03-08 18:54:37,71.9167,114.0833,-30.82,82,70,3.22
106,Kihei,US,2021-03-08 18:52:10,20.785,-156.4656,73.4,68,20,10.36
107,Mayo,US,2021-03-08 18:54:38,38.8876,-76.5119,51.01,56,1,11.5
108,Provideniya,RU,2021-03-08 18:54:38,64.3833,-173.3,7.56,89,22,4.85
109,Cape Town,ZA,2021-03-08 18:54:10,-33.9258,18.4232,66.0,55,0,8.05
110,Rincon,US,2021-03-08 18:54:39,32.296,-81.2354,64.4,19,20,5.75
111,Bengkulu,ID,2021-03-08 18:54:39,-3.8004,102.2655,76.87,60,100,2.46
112,Fortuna,US,2021-03-08 18:54:40,40.5982,-124.1573,46.99,87,40,17.27
113,Hambantota,LK,2021-03-08 18:54:41,6.1241,81.1185,75.2,100,40,3.44
114,Atuona,PF,2021-03-08 18:54:41,-9.8,-139.0333,79.03,73,75,13.35
115,Aksha,RU,2021-03-08 18:54:43,50.2814,113.2867,12.18,92,0,0.89
116,Jamestown,US,2021-03-08 18:53:21,42.097,-79.2353,46.99,44,90,11.32
117,Yumen,CN,2021-03-08 18:54:43,40.2833,97.2,41.27,55,100,7.43
118,Juegang,CN,2021-03-08 18:54:43,32.3174,121.1855,45.0,90,100,5.61
119,Sitka,US,2021-03-08 18:54:44,57.0531,-135.33,35.6,93,75,5.14
120,Mayya,RU,2021-03-08 18:54:44,61.7333,130.2811,-18.4,76,0,6.71
121,Beloha,MG,2021-03-08 18:54:47,-25.1667,45.05,73.11,76,0,11.56
122,Port Macquarie,AU,2021-03-08 18:54:48,-31.4333,152.9167,64.99,99,100,6.82
123,San Cristobal,VE,2021-03-08 18:54:48,7.7669,-72.225,82.4,74,40,6.91
124,Meadow Lake,US,2021-03-08 18:54:49,34.8014,-106.5436,55.99,28,90,3.44
125,Vila Do Maio,CV,2021-03-08 18:54:49,15.1333,-23.2167,73.4,56,40,24.16
126,Chifeng,CN,2021-03-08 18:54:49,42.2683,118.9636,36.03,78,0,7.52
127,San Felipe,VE,2021-03-08 18:54:50,10.3399,-68.7425,80.46,70,100,9.55
128,East London,ZA,2021-03-08 18:50:43,-33.0153,27.9116,68.0,64,40,12.66
129,Morales,CO,2021-03-08 18:54:50,2.757,-76.6172,68.54,83,94,4.43
130,Rybachiy,RU,2021-03-08 18:54:51,48.7073,44.7449,33.8,93,90,20.13
131,Te Anau,NZ,2021-03-08 18:50:10,-45.4167,167.7167,45.91,85,83,2.48
132,Yukhnov,RU,2021-03-08 18:54:51,54.7444,35.2297,15.48,97,69,5.1
133,Ilulissat,GL,2021-03-08 18:54:51,69.2167,-51.1,19.4,68,75,4.61
134,Aksu,CN,2021-03-08 18:54:52,41.1231,80.2644,43.3,56,88,1.59
135,Caravelas,BR,2021-03-08 18:54:52,-17.7125,-39.2481,83.8,65,100,10.49
136,Cherskiy,RU,2021-03-08 18:54:52,68.75,161.3,-22.59,87,100,7.11
137,Evensk,RU,2021-03-08 18:54:53,61.95,159.2333,-24.66,70,0,5.23
138,Carnarvon,AU,2021-03-08 18:54:53,-24.8667,113.6333,77.0,100,0,5.75
139,Monte Patria,CL,2021-03-08 18:54:54,-30.6919,-70.9467,87.03,34,0,9.91
140,Kazanka,UA,2021-03-08 18:54:54,47.8462,32.8218,32.0,80,0,8.95
141,Ashqelon,IL,2021-03-08 18:54:55,31.6693,34.5715,57.99,100,0,0.72
142,Korem,ET,2021-03-08 18:54:55,12.5058,39.5228,57.11,38,0,2.95
143,Tamboril,DO,2021-03-08 18:54:55,19.4854,-70.611,81.0,83,75,11.5
144,Puerto Del Rosario,ES,2021-03-08 18:54:56,28.5004,-13.8627,66.2,59,40,19.57
145,Olinda,BR,2021-03-08 18:54:56,-8.0089,-34.8553,82.4,65,40,9.22
146,Ingham,US,2021-03-08 18:54:57,42.6,-84.3833,61.0,33,1,10.36
147,Maymyo,MM,2021-03-08 18:54:57,22.0333,96.4667,64.38,34,2,1.43
148,Mahajanga,MG,2021-03-08 18:54:58,-15.7167,46.3167,79.92,83,84,10.07
149,Berlevag,NO,2021-03-08 18:54:58,70.8578,29.0864,19.4,79,75,16.11
150,Port Hueneme,US,2021-03-08 18:54:58,34.1478,-119.1951,64.0,62,1,12.66
151,Krasnyy Yar,RU,2021-03-08 18:54:59,46.5331,48.3456,33.8,80,0,11.18
152,Ukiah,US,2021-03-08 18:54:59,39.1502,-123.2078,48.2,66,90,3.44
153,Olafsvik,IS,2021-03-08 18:54:59,64.8945,-23.7142,36.59,83,96,7.11
154,Namibe,AO,2021-03-08 18:55:00,-15.1961,12.1522,75.06,78,8,5.55
155,Troitsko-Pechorsk,RU,2021-03-08 18:55:00,62.7084,56.1964,-12.03,90,96,7.61
156,Tiksi,RU,2021-03-08 18:55:01,71.6872,128.8694,-23.12,85,100,13.22
157,Bozeman,US,2021-03-08 18:53:00,45.6796,-111.0386,41.0,60,90,3.89
158,Santa Marta De Tormes,ES,2021-03-08 18:55:01,40.9506,-5.6272,46.99,65,40,6.91
159,Samarai,PG,2021-03-08 18:55:01,-10.6167,150.6667,80.8,74,30,8.61
160,Severo-Kurilsk,RU,2021-03-08 18:55:02,50.6789,156.125,17.98,91,92,20.36
161,Candolim,IN,2021-03-08 18:55:11,15.5181,73.7626,78.08,67,0,3.78
162,Airai,TL,2021-03-08 18:55:11,-8.9266,125.4092,59.49,100,95,0.78
163,Tugdan,PH,2021-03-08 18:55:12,12.3134,122.0853,78.73,79,18,11.14
164,Bambous Virieux,MU,2021-03-08 18:55:12,-20.3428,57.7575,78.8,89,40,3.44
165,Eureka,US,2021-03-08 18:55:13,40.8021,-124.1637,46.99,76,90,23.02
166,Chivay,PE,2021-03-08 18:55:14,-15.6383,-71.6011,57.27,50,93,9.1
167,Nanortalik,GL,2021-03-08 18:55:14,60.1432,-45.2371,30.06,95,100,11.99
168,Muroto,JP,2021-03-08 18:55:14,33.2833,134.15,51.04,70,6,13.94
169,Nikolayevsk-Na-Amure,RU,2021-03-08 18:55:15,53.1406,140.73,8.31,89,100,3.24
170,Saint George,US,2021-03-08 18:51:01,37.1041,-113.5841,71.01,19,1,4.61
171,Vostok,RU,2021-03-08 18:55:16,46.4856,135.8833,10.24,94,36,6.29
172,Dalbandin,PK,2021-03-08 18:55:16,28.8947,64.4101,62.6,23,0,7.58
173,Osakarovka,KZ,2021-03-08 18:55:17,50.565,72.5692,0.3,92,0,8.9
174,Batagay-Alyta,RU,2021-03-08 18:55:17,67.8006,130.4114,-21.55,77,0,3.91
175,Oranjemund,NA,2021-03-08 18:55:17,-28.55,16.4333,62.62,73,71,8.55
176,Henties Bay,NA,2021-03-08 18:55:18,-22.116,14.2845,66.07,78,0,11.92
177,Price,US,2021-03-08 18:55:18,39.5994,-110.8107,55.4,22,1,4.61
178,Mapimi,MX,2021-03-08 18:55:18,25.8167,-103.85,71.01,40,1,5.75
179,Oktyabrskiy,RU,2021-03-08 18:55:19,54.4815,53.471,21.94,97,100,6.96
180,Barrow,US,2021-03-08 18:55:19,71.2906,-156.7887,6.8,72,90,26.46
181,Leningradskiy,RU,2021-03-08 18:55:20,69.3833,178.4167,-15.56,87,100,1.86
182,Georgetown,MY,2021-03-08 18:55:20,5.4112,100.3354,81.0,83,20,4.61
183,Karratha,AU,2021-03-08 18:55:21,-20.7377,116.8463,79.99,80,6,9.69
184,Dubbo,AU,2021-03-08 18:54:11,-32.25,148.6167,60.8,94,0,4.61
185,Mar Del Plata,AR,2021-03-08 18:54:24,-38.0023,-57.5575,68.0,56,40,16.11
186,Karaton,ID,2021-03-08 18:55:22,-6.3424,106.1045,79.0,88,20,4.61
187,Galle,LK,2021-03-08 18:55:22,6.0367,80.217,77.88,84,62,6.33
188,Beyneu,KZ,2021-03-08 18:55:22,45.3167,55.2,34.09,74,100,7.38
189,Durban,ZA,2021-03-08 18:55:23,-29.8579,31.0292,77.0,83,90,20.71
190,Upington,ZA,2021-03-08 18:55:23,-28.4478,21.2561,78.8,17,0,3.44
191,Coquimbo,CL,2021-03-08 18:53:19,-29.9533,-71.3436,69.8,68,40,12.66
192,Sabang,ID,2021-03-08 18:50:34,5.8933,95.3214,81.5,81,20,11.27
193,Nioro,GM,2021-03-08 18:55:24,13.35,-15.75,95.77,11,0,8.48
194,Otradnoye,RU,2021-03-08 18:53:43,59.7775,30.8181,17.6,57,75,8.95
195,Sorland,NO,2021-03-08 18:55:25,67.667,12.6934,35.6,75,40,5.75
196,Port Lincoln,AU,2021-03-08 18:55:25,-34.7333,135.8667,59.79,85,18,13.18
197,Hasaki,JP,2021-03-08 18:55:25,35.7333,140.8333,42.8,81,75,8.05
198,Souillac,MU,2021-03-08 18:55:26,-20.5167,57.5167,78.8,89,40,3.44
199,Kita,ML,2021-03-08 18:55:26,13.0349,-9.4895,92.91,14,66,4.99
200,Quzhou,CN,2021-03-08 18:55:26,28.9594,118.8686,48.7,92,88,2.06
201,Lebu,CL,2021-03-08 18:55:27,-37.6167,-73.65,63.61,58,68,18.68
202,Vardo,NO,2021-03-08 18:55:27,70.3705,31.1107,15.8,79,75,13.8
203,Kununurra,AU,2021-03-08 18:54:07,-15.7667,128.7333,75.2,94,45,8.05
204,Kodiak,US,2021-03-08 18:55:02,57.79,-152.4072,24.8,86,1,4.61
205,Beringovskiy,RU,2021-03-08 18:55:29,63.05,179.3167,-18.17,88,100,4.47
206,Banjar,ID,2021-03-08 18:55:29,-8.19,114.9675,77.0,94,75,3.44
207,Garissa,KE,2021-03-08 18:54:14,-0.4536,39.6401,82.42,53,98,14.83
208,San Quintin,MX,2021-03-08 18:55:29,30.4833,-115.95,60.69,61,8,17.67
209,Melilla,ES,2021-03-08 18:55:30,35.2937,-2.9383,59.0,72,0,5.75
210,Jackson,US,2021-03-08 18:55:31,42.4165,-122.8345,45.0,65,20,4.12
211,Adeje,ES,2021-03-08 18:55:31,28.1227,-16.726,68.0,82,75,12.66
212,Culebra,PR,2021-03-08 18:55:31,18.303,-65.301,84.2,65,1,10.36
213,Winnemucca,US,2021-03-08 18:55:31,40.973,-117.7357,50.0,34,20,4.61
214,Broome,US,2021-03-08 18:55:32,42.2506,-75.833,37.99,43,20,5.75
215,Tulun,RU,2021-03-08 18:55:33,54.5611,100.5792,15.58,96,91,7.54
216,Chakulia,IN,2021-03-08 18:55:33,22.4833,86.7167,70.59,74,6,2.86
217,Turbiv,UA,2021-03-08 18:55:33,49.3479,28.7212,30.2,74,0,11.18
218,Rudnogorsk,RU,2021-03-08 18:55:34,57.2639,103.7519,10.29,95,100,4.27
219,La Orilla,MX,2021-03-08 18:55:35,17.9833,-102.2333,84.02,50,0,12.03
220,Terrassa,ES,2021-03-08 18:55:35,41.5667,2.0167,54.0,82,20,4.61
221,Bakel,SN,2021-03-08 18:55:35,14.905,-12.4568,92.7,11,0,8.88
222,Ternate,ID,2021-03-08 18:55:36,0.8,127.4,80.31,81,78,8.61
223,Los Llanos De Aridane,ES,2021-03-08 18:55:37,28.6585,-17.9182,66.2,72,40,21.85
224,Khatanga,RU,2021-03-08 18:55:37,71.9667,102.5,-22.97,87,94,4.7
225,Bowen,AU,2021-03-08 18:55:37,-20.0167,148.2333,69.8,94,74,1.14
226,Oussouye,SN,2021-03-08 18:55:37,12.485,-16.5469,95.0,57,0,11.5
227,Iqaluit,CA,2021-03-08 18:55:38,63.7506,-68.5145,6.8,78,75,4.61
228,Cabra,ES,2021-03-08 18:55:38,37.4725,-4.4421,52.0,79,9,1.99
229,Bathsheba,BB,2021-03-08 18:55:39,13.2167,-59.5167,84.2,54,20,23.02
230,Tungor,RU,2021-03-08 18:55:39,53.3808,142.9564,6.46,92,67,7.92
231,Anchorage,US,2021-03-08 18:54:50,61.2181,-149.9003,18.0,85,1,3.4
232,Butembo,CD,2021-03-08 18:55:40,0.15,29.2833,58.68,99,90,1.3
233,Ranong,TH,2021-03-08 18:55:40,9.9658,98.6348,74.17,86,27,3.76
234,Grand-Santi,GF,2021-03-08 18:55:40,4.25,-54.3833,80.8,86,100,4.47
235,Half Moon Bay,US,2021-03-08 18:55:41,37.4636,-122.4286,55.99,54,40,10.36
236,Azangaro,PE,2021-03-08 18:55:41,-14.9167,-70.2167,60.8,29,40,12.66
237,Salalah,OM,2021-03-08 18:55:41,17.0151,54.0924,80.6,41,0,3.44
238,Tucuman,AR,2021-03-08 18:55:41,-26.8241,-65.2226,87.8,58,40,5.75
239,Lompoc,US,2021-03-08 18:55:42,34.6391,-120.4579,57.99,51,20,9.22
240,Fecamp,FR,2021-03-08 18:55:42,49.7579,0.3746,37.99,75,0,5.75
241,Chapais,CA,2021-03-08 18:55:42,49.7834,-74.8492,21.2,53,1,12.66
242,Swan Hill,AU,2021-03-08 18:55:43,-35.3378,143.5544,54.57,88,53,5.97
243,Vaitape,PF,2021-03-08 18:55:43,-16.5167,-151.75,82.71,73,100,21.5
244,Cabedelo,BR,2021-03-08 18:55:43,-6.9811,-34.8339,86.0,66,20,11.5
245,Shakawe,BW,2021-03-08 18:55:44,-18.3667,21.85,71.74,63,65,5.01
246,Yatou,CN,2021-03-08 18:55:44,37.15,122.3833,37.94,75,100,5.57
247,Juanjui,PE,2021-03-08 18:55:44,-7.1779,-76.7314,86.0,66,40,6.91
248,Alofi,NU,2021-03-08 18:55:45,-19.0595,-169.9187,77.0,94,75,5.75
249,Marawi,PH,2021-03-08 18:55:45,7.9986,124.2928,73.99,91,17,5.01
250,Katangli,RU,2021-03-08 18:55:46,51.7102,143.2326,8.8,92,5,10.74
251,Grindavik,IS,2021-03-08 18:55:47,63.8424,-22.4338,39.2,87,40,11.5
252,Laguna De Perlas,NI,2021-03-08 18:55:47,12.3429,-83.6712,84.2,65,40,9.22
253,Sola,VU,2021-03-08 18:55:47,-13.8833,167.55,81.28,76,100,6.53
254,Batouri,CM,2021-03-08 18:55:48,4.4333,14.3667,80.04,37,35,4.32
255,Makarov,RU,2021-03-08 18:55:48,48.6333,142.8,20.84,93,100,7.99
256,Kaitangata,NZ,2021-03-08 18:55:48,-46.2817,169.8464,54.0,88,92,1.01
257,Pitimbu,BR,2021-03-08 18:55:49,-7.4706,-34.8086,86.0,66,20,11.5
258,Lagoa,PT,2021-03-08 18:55:49,39.05,-27.9833,58.89,89,100,4.41
259,Salinopolis,BR,2021-03-08 18:55:49,-0.6136,-47.3561,79.59,86,100,10.74
260,Faanui,PF,2021-03-08 18:55:50,-16.4833,-151.75,82.54,74,100,22.17
261,Ribeira Grande,PT,2021-03-08 18:55:11,38.5167,-28.7,62.6,88,75,3.44
262,Zhigansk,RU,2021-03-08 18:55:51,66.7697,123.3711,-10.43,90,100,7.14
263,Galveston,US,2021-03-08 18:52:13,29.3669,-94.9669,70.0,60,1,10.36
264,Kavaratti,IN,2021-03-08 18:55:51,10.5669,72.642,82.67,71,0,8.57
265,Kupino,RU,2021-03-08 18:51:25,54.3663,77.2981,5.41,93,92,11.95
266,Yushan,CN,2021-03-08 18:55:51,31.3776,120.9543,50.0,87,0,4.47
267,Norman Wells,CA,2021-03-08 18:55:33,65.282,-126.8329,-9.4,70,20,3.44
268,Beremend,HU,2021-03-08 18:55:52,45.7911,18.4326,39.99,45,0,6.91
269,Hornepayne,CA,2021-03-08 18:55:53,49.2138,-84.7705,35.11,98,100,10.25
270,Lorena,BR,2021-03-08 18:51:54,-22.7308,-45.1247,80.6,65,40,4.61
271,Ixtapa,MX,2021-03-08 18:55:53,20.7,-105.2,78.8,65,1,6.91
272,Kieta,PG,2021-03-08 18:55:54,-6.2167,155.6333,77.9,78,100,0.83
273,Longyearbyen,SJ,2021-03-08 18:53:01,78.2186,15.6401,10.4,72,0,5.75
274,Macapsing,PH,2021-03-08 18:55:54,15.6783,121.1319,70.23,86,8,5.35
275,Qaqortoq,GL,2021-03-08 18:55:54,60.7167,-46.0333,28.4,86,75,4.12
276,Visby,SE,2021-03-08 18:55:55,57.6409,18.296,26.01,74,0,3.44
277,Russell,US,2021-03-08 18:53:27,32.3502,-85.1999,68.0,20,1,4.03
278,Poum,NC,2021-03-08 18:55:56,-20.2333,164.0167,78.15,77,0,14.94
279,Saint-Augustin,CA,2021-03-08 18:55:56,51.226,-58.6502,25.86,94,80,7.16
280,Arman,RU,2021-03-08 18:55:56,59.7,150.1667,-13.54,78,0,3.71
281,Totma,RU,2021-03-08 18:55:57,59.9747,42.7642,0.95,93,100,7.72
282,Tigre,AR,2021-03-08 18:55:57,-34.426,-58.5796,90.0,40,20,5.75
283,Manicore,BR,2021-03-08 18:55:58,-5.8092,-61.3003,80.13,92,100,1.14
284,Bharuch,IN,2021-03-08 18:55:58,21.7,72.9667,76.5,39,0,4.97
285,Port Keats,AU,2021-03-08 18:55:58,-14.25,129.55,77.47,88,100,6.62
286,Show Low,US,2021-03-08 18:55:59,34.2542,-110.0298,62.6,16,1,24.16
287,Wexford,IE,2021-03-08 18:55:59,52.3342,-6.4575,45.0,87,0,13.8
288,Rivera,UY,2021-03-08 18:51:54,-30.9053,-55.5508,85.6,35,0,7.63
289,Chicama,PE,2021-03-08 18:56:00,-7.8447,-79.1469,75.2,78,0,9.22
290,Strezhevoy,RU,2021-03-08 18:56:00,60.7333,77.5889,1.4,85,0,6.71
291,Whyalla,AU,2021-03-08 18:56:00,-33.0333,137.5833,64.4,72,0,17.27
292,Cockburn Town,TC,2021-03-08 18:55:58,21.4612,-71.1419,78.8,65,40,11.5
293,Huarmey,PE,2021-03-08 18:56:01,-10.0681,-78.1522,78.98,62,97,10.87
294,Tasiilaq,GL,2021-03-08 18:56:01,65.6145,-37.6368,21.2,86,75,29.93
295,Lodwar,KE,2021-03-08 18:56:02,3.1191,35.5973,88.12,30,0,8.32
296,Hamilton,US,2021-03-08 18:51:08,39.1834,-84.5333,63.0,25,1,14.97
297,Mugango,TZ,2021-03-08 18:56:03,-1.6833,33.7,73.4,78,75,11.5
298,Plettenberg Bay,ZA,2021-03-08 18:56:03,-34.0527,23.3716,62.47,70,100,2.44
299,San Patricio,US,2021-03-08 18:56:04,28.017,-97.5169,73.0,60,75,13.8
300,Hearst,CA,2021-03-08 18:56:04,49.6835,-83.6665,37.4,70,100,6.91
301,Kiama,AU,2021-03-08 18:56:05,-34.6833,150.8667,64.99,89,0,1.01
302,Listvyagi,RU,2021-03-08 18:56:05,53.6772,86.951,32.27,97,96,16.53
303,Maseru,LS,2021-03-08 18:56:05,-29.3167,27.4833,65.61,47,34,5.53
304,Champerico,GT,2021-03-08 18:56:05,14.3,-91.9167,91.4,58,20,9.22
305,Kiyevskoye,RU,2021-03-08 18:56:06,45.0383,37.8883,41.0,56,91,13.42
306,Mehamn,NO,2021-03-08 18:56:06,71.0357,27.8492,14.0,79,0,9.22
307,Tura,IN,2021-03-08 18:56:07,25.5198,90.2201,67.17,40,0,3.98
308,Churapcha,RU,2021-03-08 18:56:07,62.0025,132.4325,-8.09,91,93,3.11
309,Marzuq,YE,2021-03-08 18:56:07,14.4,46.4667,61.54,39,0,6.22
310,Srednekolymsk,RU,2021-03-08 18:56:08,67.45,153.6833,-15.63,88,100,9.44
311,Saint-Pierre,RE,2021-03-08 18:56:08,-21.3393,55.4781,78.8,78,0,5.75
312,Raahe,FI,2021-03-08 18:56:08,64.6833,24.4833,8.6,85,0,2.3
313,Darien,US,2021-03-08 18:56:09,41.752,-87.974,64.0,42,90,12.86
314,Itarema,BR,2021-03-08 18:56:09,-2.9248,-39.9167,83.79,71,96,15.52
315,Rawson,AR,2021-03-08 18:56:10,-43.3002,-65.1023,71.91,22,100,14.23
316,Chokurdakh,RU,2021-03-08 18:56:10,70.6333,147.9167,-15.48,88,94,11.1
317,Casas Grandes,MX,2021-03-08 18:56:10,30.3667,-107.95,75.0,17,89,5.01
318,Gorontalo,ID,2021-03-08 18:56:10,0.5412,123.0595,74.16,88,94,3.47
319,Igdir,TR,2021-03-08 18:56:11,39.9237,44.045,35.6,69,20,3.44
320,Terra Santa,BR,2021-03-08 18:56:11,-2.1042,-56.4869,88.16,61,100,5.86
321,Kautokeino,NO,2021-03-08 18:56:12,69.0125,23.0412,5.22,89,100,1.86
322,Torbay,CA,2021-03-08 18:56:12,47.6666,-52.7314,30.99,54,75,5.75
323,Kidderminster,GB,2021-03-08 18:56:13,52.3882,-2.25,44.01,74,95,6.62
324,Preobrazheniye,RU,2021-03-08 18:56:13,42.9019,133.9064,28.89,88,0,7.61
325,Lata,PT,2021-03-08 18:56:14,40.1629,-8.3327,55.99,79,0,7.0
326,Havoysund,NO,2021-03-08 18:56:14,70.9963,24.6622,21.2,68,0,9.22
327,Touros,BR,2021-03-08 18:56:15,-5.1989,-35.4608,87.8,58,40,13.8
328,Alice Springs,AU,2021-03-08 18:56:15,-23.7,133.8833,77.0,33,48,9.22
329,Carballo,ES,2021-03-08 18:56:15,43.213,-8.691,48.2,66,20,8.05
330,Novyy Urengoy,RU,2021-03-08 18:56:16,66.0833,76.6333,-13.58,89,95,11.05
331,Ulladulla,AU,2021-03-08 18:56:16,-35.35,150.4667,64.0,94,0,3.44
332,Mao,ES,2021-03-08 18:56:17,39.8885,4.2658,51.8,87,75,21.85
333,Erzin,TR,2021-03-08 18:56:17,36.9559,36.2,59.0,74,0,2.48
334,Cantaura,VE,2021-03-08 18:56:18,9.3057,-64.3584,88.47,46,100,10.94
335,Aklavik,CA,2021-03-08 18:56:18,68.2191,-135.0107,-4.0,65,0,3.44
336,Nuuk,GL,2021-03-08 18:56:18,64.1835,-51.7216,24.8,93,90,14.97
337,Lagoa Vermelha,BR,2021-03-08 18:56:19,-28.2086,-51.5258,76.24,66,0,6.6
338,High Level,CA,2021-03-08 18:56:19,58.5169,-117.136,15.8,62,75,10.36
339,Christchurch,NZ,2021-03-08 18:54:00,-43.5333,172.6333,55.99,93,58,5.75
340,Yar-Sale,RU,2021-03-08 18:56:20,66.8333,70.8333,-23.33,86,100,9.06
341,Houma,US,2021-03-08 18:56:21,29.5958,-90.7195,71.01,40,1,13.8
342,Maldonado,UY,2021-03-08 18:52:26,-34.6667,-54.9167,80.6,65,40,11.5
343,Keningau,MY,2021-03-08 18:53:19,5.3378,116.1602,77.0,88,20,3.44
344,Yulara,AU,2021-03-08 18:56:22,-25.2406,130.9889,73.4,46,0,9.22
345,Calama,CL,2021-03-08 18:56:22,-22.4667,-68.9333,75.2,25,0,28.77
346,Moose Factory,CA,2021-03-08 18:56:23,51.2585,-80.6094,32.0,80,90,4.61
347,Vavuniya,LK,2021-03-08 18:56:23,8.7514,80.4971,72.91,98,18,3.38
348,Roma,US,2021-03-08 18:55:57,43.2128,-75.4557,33.01,47,1,3.15
349,Tautira,PF,2021-03-08 18:56:24,-17.7333,-149.15,86.0,70,75,17.27
350,Koutiala,ML,2021-03-08 18:56:24,12.3917,-5.4642,90.9,18,1,8.46
351,Lowestoft,GB,2021-03-08 18:56:24,52.4752,1.7516,44.01,91,100,1.99
352,Maple Shade,US,2021-03-08 18:56:25,39.9526,-74.9924,45.0,26,1,5.75
353,Kibala,TD,2021-03-08 18:56:25,9.1104,18.3463,91.4,22,0,0.92
354,Gat,IL,2021-03-08 18:56:26,31.61,34.7642,57.99,100,0,0.56
355,Labuhan,ID,2021-03-08 18:56:26,-6.8844,112.2051,78.08,82,61,8.12
356,Pulandian,CN,2021-03-08 18:56:26,39.3953,121.9669,33.8,75,0,2.24
357,Samana,DO,2021-03-08 18:56:27,19.2056,-69.3369,84.2,79,75,9.22
358,Araouane,ML,2021-03-08 18:56:27,18.9048,-3.5265,82.81,14,44,8.43
359,Billings,US,2021-03-08 18:54:30,45.7833,-108.5007,48.99,45,40,9.22
360,Peterborough,GB,2021-03-08 18:56:28,52.5736,-0.2478,45.0,81,75,9.22
361,Ibra,OM,2021-03-08 18:56:28,22.6906,58.5334,65.86,63,0,1.57
362,Narsaq,GL,2021-03-08 18:56:28,60.9167,-46.05,28.4,86,75,5.08
363,Vila Velha,BR,2021-03-08 18:56:29,-20.3297,-40.2925,84.0,78,75,10.36
364,Itoman,JP,2021-03-08 18:56:30,26.1247,127.6694,66.2,88,75,2.3
365,Zeya,RU,2021-03-08 18:56:30,53.75,127.2667,5.59,91,36,6.24
366,Portland,US,2021-03-08 18:54:06,45.5234,-122.6762,48.99,60,100,3.0
367,Fomboni,KM,2021-03-08 18:56:30,-12.28,43.7425,82.72,72,99,7.38
368,Menongue,AO,2021-03-08 18:56:31,-14.6585,17.691,65.98,72,8,3.67
369,Brokopondo,SR,2021-03-08 18:56:31,4.75,-55.1667,81.61,80,100,8.55
370,Esmeralda,CU,2021-03-08 18:56:31,21.8525,-78.1169,75.2,53,75,21.85
371,Mitsamiouli,KM,2021-03-08 18:56:32,-11.3847,43.2844,81.91,73,100,6.67
372,Lake Havasu City,US,2021-03-08 18:56:32,34.4839,-114.3224,75.2,17,1,18.41
373,Port Hardy,CA,2021-03-08 18:56:14,50.6996,-127.4199,42.8,81,90,19.57
374,Klaksvik,FO,2021-03-08 18:56:12,62.2266,-6.589,41.0,100,90,12.66
375,Hay River,CA,2021-03-08 18:56:33,60.8156,-115.7999,3.2,55,100,4.61
376,Shimoda,JP,2021-03-08 18:56:33,34.6667,138.95,39.0,91,93,1.01
377,Keuruu,FI,2021-03-08 18:56:34,62.2667,24.7,10.99,92,100,2.3
378,Mingshui,CN,2021-03-08 18:56:34,36.7167,117.5,48.99,52,100,5.08
379,Metro,ID,2021-03-08 18:56:35,-5.1131,105.3067,72.63,85,100,4.97
380,Mulanje,MW,2021-03-08 18:56:35,-16.0316,35.5,67.96,77,100,4.05
381,Kropachevo,RU,2021-03-08 18:56:36,55.0112,57.9896,17.62,96,39,10.33
382,Sembakung,ID,2021-03-08 18:56:36,3.8167,117.25,71.94,98,100,2.06
383,San Ramon,US,2021-03-08 18:51:52,37.7799,-121.978,55.0,46,75,8.05
384,Acapulco,MX,2021-03-08 18:56:26,16.8634,-99.8901,86.0,62,75,11.5
385,Svetlyy,RU,2021-03-08 18:56:37,54.675,20.1347,32.0,69,75,11.18
386,Marfino,RU,2021-03-08 18:56:37,55.7028,37.3822,17.6,79,20,8.95
387,Grand Gaube,MU,2021-03-08 18:56:37,-20.0064,57.6608,77.0,83,0,3.0
388,Gambo,CF,2021-03-08 18:56:37,4.6482,22.2633,80.15,44,33,2.55
389,Vondrozo,MG,2021-03-08 18:56:38,-22.8167,47.2833,66.61,100,21,1.83
390,Kotelnich,RU,2021-03-08 18:56:39,58.3089,48.348,12.02,96,99,5.82
391,Muravlenko,RU,2021-03-08 18:56:39,63.7898,74.523,-20.58,88,52,12.55
392,Usinsk,RU,2021-03-08 18:53:26,65.9939,57.5281,-30.17,84,43,8.25
393,Along,IN,2021-03-08 18:56:40,28.1667,94.7667,58.73,67,44,1.83
394,Pozarevac,RS,2021-03-08 18:56:40,44.6153,21.1825,43.0,52,0,3.44
395,Middelburg,ZA,2021-03-08 18:56:41,-25.7751,29.4648,66.65,38,1,3.94
396,Ayagoz,KZ,2021-03-08 18:56:41,47.9714,80.4392,32.61,97,100,9.82
397,Port Blair,IN,2021-03-08 18:56:42,11.6667,92.75,79.79,78,0,6.73
398,Saint-Francois,FR,2021-03-08 18:56:42,46.4154,3.9054,42.8,70,0,5.75
399,Solnechnyy,RU,2021-03-08 18:56:42,50.7214,136.6319,15.64,93,100,8.19
400,Port Augusta,AU,2021-03-08 18:56:43,-32.5,137.7667,64.4,72,0,17.27
401,Edd,ER,2021-03-08 18:56:43,13.9297,41.6925,85.84,30,0,23.38
402,College,US,2021-03-08 18:56:44,64.8569,-147.8028,19.0,85,75,3.44
403,Omboue,GA,2021-03-08 18:56:44,-1.5746,9.2618,79.29,83,0,6.89
404,Salekhard,RU,2021-03-08 18:53:04,66.53,66.6019,-23.39,87,90,3.8
405,Bereda,ES,2021-03-08 18:56:44,43.2686,-7.5406,44.01,86,11,15.01
406,Moussoro,TD,2021-03-08 18:56:45,13.6408,16.4901,83.23,10,0,11.45
407,Onguday,RU,2021-03-08 18:56:45,50.75,86.15,27.19,90,100,2.77
408,Gornozavodsk,RU,2021-03-08 18:56:46,58.3758,58.3211,12.67,96,100,3.78
409,Talnakh,RU,2021-03-08 18:56:46,69.4865,88.3972,-10.61,89,94,0.83
410,Nellikkuppam,IN,2021-03-08 18:56:47,11.7667,79.6833,78.62,82,0,7.54
411,Punta Umbria,ES,2021-03-08 18:56:48,37.1821,-6.9661,55.0,61,0,3.0
412,Gazli,UZ,2021-03-08 18:56:48,40.1333,63.45,51.37,48,58,3.89
413,Amapa,BR,2021-03-08 18:56:48,1.0,-52.0,79.79,91,100,5.17
414,Smidovich,RU,2021-03-08 18:56:48,48.6,133.8167,16.99,96,100,8.99
415,Atar,MR,2021-03-08 18:56:49,20.5169,-13.0499,78.8,13,0,11.5
416,Vila,PT,2021-03-08 18:56:49,42.0304,-8.1588,54.0,53,0,10.36
417,Vila Franca Do Campo,PT,2021-03-08 18:56:49,37.7167,-25.4333,57.2,88,20,11.5
418,Weligama,LK,2021-03-08 18:56:49,5.9667,80.4167,77.0,86,85,7.16
419,Odweyne,SO,2021-03-08 18:56:49,9.4092,45.064,67.6,57,16,6.85
420,Marathon,US,2021-03-08 18:56:50,44.9,-89.7668,50.0,53,1,9.22
421,Ende,ID,2021-03-08 18:56:50,-8.8432,121.6623,77.31,79,37,1.59
422,Dingle,PH,2021-03-08 18:56:51,10.9995,122.6711,74.07,90,0,7.63
423,Kulhudhuffushi,MV,2021-03-08 18:56:51,6.6221,73.07,83.44,69,0,6.76
424,Thinadhoo,MV,2021-03-08 18:56:51,0.5333,72.9333,83.79,67,0,5.64
425,Misratah,LY,2021-03-08 18:56:51,32.3754,15.0925,62.56,79,0,10.85
426,Mahibadhoo,MV,2021-03-08 18:56:52,3.7833,72.9667,83.32,74,0,11.41
427,Pangai,TO,2021-03-08 18:56:52,-19.8,-174.35,77.0,73,20,15.21
428,Conceicao Da Barra,BR,2021-03-08 18:56:53,-18.5933,-39.7322,83.53,70,99,6.67
429,Dharchula,IN,2021-03-08 18:56:53,29.85,80.5333,54.09,48,13,7.94
430,Kloulklubed,PW,2021-03-08 18:56:53,7.0419,134.2556,75.2,100,90,3.44
431,Nouakchott,MR,2021-03-08 18:56:54,18.0858,-15.9785,71.6,60,0,17.27
432,Bintulu,MY,2021-03-08 18:56:54,3.1667,113.0333,75.2,100,40,2.3
433,Abalak,RU,2021-03-08 18:56:54,58.1286,68.5944,8.56,96,98,7.38
434,Tubuala,PA,2021-03-08 18:56:54,9.5167,-79.0333,77.0,94,75,6.91
435,Rio Gallegos,AR,2021-03-08 18:55:33,-51.6226,-69.2181,75.2,23,20,19.57
436,Banda,IN,2021-03-08 18:56:55,25.4833,80.3333,74.34,20,0,3.85
437,Grand-Lahou,CI,2021-03-08 18:56:56,5.1367,-5.0242,80.91,85,84,10.67
438,Pringsewu,ID,2021-03-08 18:56:56,-5.3582,104.9744,71.89,84,100,1.57
439,Lapy,PL,2021-03-08 18:54:24,52.9911,22.8842,27.0,80,23,10.09
440,North Bend,US,2021-03-08 18:56:57,43.4065,-124.2243,51.01,71,1,5.75
441,Dicabisagan,PH,2021-03-08 18:56:57,17.0818,122.4157,73.85,82,55,6.76
442,Mount Isa,AU,2021-03-08 18:56:57,-20.7333,139.5,78.8,69,16,8.05
443,Monte Azul Paulista,BR,2021-03-08 18:56:58,-20.9072,-48.6414,79.95,67,100,4.81
444,Pochutla,MX,2021-03-08 18:56:58,15.7432,-96.4661,89.01,58,75,8.05
445,Silopi,TR,2021-03-08 18:56:59,37.2497,42.4694,49.26,70,0,0.92
446,Polunochnoye,RU,2021-03-08 18:56:59,60.8697,60.4153,0.25,95,100,3.2
447,Qidong,CN,2021-03-08 18:57:00,31.8128,121.6561,48.0,98,100,7.54
448,Denderleeuw,BE,2021-03-08 18:57:00,50.8875,4.0593,42.01,76,100,2.71
449,Pacific Grove,US,2021-03-08 18:57:01,36.6177,-121.9166,55.4,47,90,9.22
450,Mishan,CN,2021-03-08 18:57:01,45.55,131.8833,19.09,93,95,5.95
451,Port Hedland,AU,2021-03-08 18:57:01,-20.3167,118.5667,78.8,89,0,10.36
452,Scarborough,GB,2021-03-08 18:54:27,54.2797,-0.4044,46.0,85,63,1.99
453,Saldanha,ZA,2021-03-08 18:57:02,-33.0117,17.9442,62.6,55,100,8.05
454,Boa Vista,BR,2021-03-08 18:57:02,2.8197,-60.6733,93.2,40,75,11.5
455,Ahipara,NZ,2021-03-08 18:55:14,-35.1667,173.1667,61.54,78,92,3.94
456,Kamalasai,TH,2021-03-08 18:57:03,16.3384,103.5756,82.99,99,0,7.47
457,Goya,AR,2021-03-08 18:57:03,-29.14,-59.2626,92.7,24,0,7.96
458,Rusape,ZW,2021-03-08 18:57:03,-18.5278,32.1284,60.26,87,30,4.09
459,Punto Fijo,VE,2021-03-08 18:57:04,11.6956,-70.1996,83.61,63,100,26.96
460,Shetpe,KZ,2021-03-08 18:57:04,44.1667,52.1167,33.69,79,100,7.38
461,Marakkanam,IN,2021-03-08 18:57:04,12.2,79.95,79.07,81,0,7.63
462,Sangar,RU,2021-03-08 18:57:05,63.9242,127.4739,-16.92,88,86,0.67
463,Warri,NG,2021-03-08 18:55:30,5.5167,5.75,81.45,81,100,7.92
464,Onalaska,US,2021-03-08 18:57:06,43.8844,-91.2351,55.4,41,1,6.91
465,Pombia,IT,2021-03-08 18:57:06,45.653,8.6336,48.2,66,0,1.14
466,Mayumba,GA,2021-03-08 18:57:06,-3.432,10.6554,79.93,85,45,5.99
467,Makakilo City,US,2021-03-08 18:57:07,21.3469,-158.0858,73.4,78,1,3.44
468,Auki,SB,2021-03-08 18:57:07,-8.7676,160.7034,75.9,85,92,3.31
469,Vuktyl,RU,2021-03-08 18:57:07,63.8567,57.3094,-20.31,87,64,6.26
470,Madison,US,2021-03-08 18:57:08,34.7334,-86.5667,66.99,25,1,4.0
471,Kokstad,ZA,2021-03-08 18:57:09,-30.5472,29.4241,62.38,94,90,4.5
472,Buraydah,SA,2021-03-08 18:57:10,26.326,43.975,78.8,44,40,8.05
473,Ust-Kuyga,RU,2021-03-08 18:57:10,70.0167,135.6,-17.36,87,100,3.65
474,Pietarsaari,FI,2021-03-08 18:57:10,63.65,22.6833,18.0,92,0,3.44
475,Baoying,CN,2021-03-08 18:57:11,33.2292,119.3092,44.47,94,100,4.14
476,Avera,US,2021-03-08 18:53:20,33.194,-82.5271,64.0,19,1,3.44
477,Tarakan,ID,2021-03-08 18:57:11,3.3,117.6333,77.4,84,100,5.5
478,Belyy Yar,RU,2021-03-08 18:57:12,53.6039,91.3903,26.6,86,100,6.71
479,Greenville,US,2021-03-08 18:57:13,35.6127,-77.3663,55.99,28,1,3.44
480,Kahului,US,2021-03-08 18:54:19,20.8947,-156.47,73.4,68,20,10.36
481,Ikalamavony,MG,2021-03-08 18:57:13,-21.15,46.5833,68.58,85,46,3.42
482,Turangi,NZ,2021-03-08 18:57:14,-39.0,175.9333,54.0,90,58,1.01
483,Bandarbeyla,SO,2021-03-08 18:57:14,9.4942,50.8122,77.56,77,99,13.06
484,Kazar,HU,2021-03-08 18:57:14,48.0495,19.8614,32.58,95,83,9.1
485,Bambanglipuro,ID,2021-03-08 18:57:15,-7.95,110.2833,75.81,90,100,6.15
486,Santa Cruz,BO,2021-03-08 18:55:30,-17.8,-63.1667,89.6,55,20,6.91
487,Huron,US,2021-03-08 18:57:16,41.1501,-82.5499,57.0,43,9,7.0
488,Fernley,US,2021-03-08 18:53:38,39.608,-119.2518,52.0,27,75,7.0
489,Santarem,BR,2021-03-08 18:57:16,-2.4431,-54.7083,86.0,70,20,12.66
490,Sanchor,IN,2021-03-08 18:57:17,24.7553,71.7722,72.52,47,0,9.86
491,Pyay,MM,2021-03-08 18:57:17,18.8167,95.2167,69.03,41,2,1.92
492,Cairns,AU,2021-03-08 18:57:17,-16.9167,145.7667,75.2,88,87,3.44
493,Luderitz,NA,2021-03-08 18:57:18,-26.6481,15.1594,67.55,59,0,13.27
494,Cody,US,2021-03-08 18:57:18,44.5263,-109.0565,48.99,39,1,10.36
495,Pangoa,PE,2021-03-08 18:57:19,-12.1167,-73.0,88.99,46,2,6.31
496,Sinop,TR,2021-03-08 18:52:28,41.7711,34.8709,28.8,95,14,4.88
497,Gilgit,PK,2021-03-08 18:57:19,35.9221,74.3087,43.59,54,75,1.86
498,Sorong,ID,2021-03-08 18:53:08,-0.8833,131.25,79.79,80,100,4.56
499,Nizhniy Lomov,RU,2021-03-08 18:57:20,53.5304,43.6766,9.99,94,0,7.87
500,Charters Towers,AU,2021-03-08 18:57:21,-20.1,146.2667,68.31,95,100,5.35
501,Vestmannaeyjar,IS,2021-03-08 18:56:18,63.4427,-20.2734,39.2,87,20,18.41
502,Maua,BR,2021-03-08 18:57:21,-23.6678,-46.4614,73.99,83,61,8.01
503,Lalibela,ET,2021-03-08 18:57:22,12.0333,39.0333,67.33,29,0,7.2
504,Plant City,US,2021-03-08 18:57:22,28.0186,-82.1129,72.0,43,75,9.22
505,Teya,RU,2021-03-08 18:57:23,60.3778,92.6267,26.51,94,100,16.71
506,Mangrol,IN,2021-03-08 18:57:23,21.1167,70.1167,74.86,74,0,7.85
507,Gwadar,PK,2021-03-08 18:57:23,25.1216,62.3254,71.29,77,0,9.84
508,Maple Creek,CA,2021-03-08 18:57:24,49.9168,-109.4848,41.0,33,100,16.11
509,Lerwick,GB,2021-03-08 18:57:24,60.1545,-1.1494,41.0,81,75,14.97
510,Boda,CF,2021-03-08 18:57:25,4.3189,17.4695,75.27,61,31,4.38
511,Emerald,AU,2021-03-08 18:57:25,-23.5333,148.1667,73.4,83,0,5.75
512,Basco,PH,2021-03-08 18:57:26,20.4487,121.9702,75.79,83,29,13.2
513,Tamandare,BR,2021-03-08 18:56:26,-8.7597,-35.1047,82.63,71,3,10.38
514,Kibuye,RW,2021-03-08 18:57:27,-2.0597,29.3482,65.84,73,100,3.04
515,Villarrica,PY,2021-03-08 18:57:27,-25.75,-56.4333,90.63,24,0,6.15
516,Ostersund,SE,2021-03-08 18:57:27,63.1792,14.6357,28.4,54,0,6.91
517,Prince Rupert,CA,2021-03-08 18:57:13,54.3161,-130.3201,39.2,81,90,2.3
518,Hualmay,PE,2021-03-08 18:57:28,-11.0964,-77.6139,78.85,63,75,10.56
519,Honiara,SB,2021-03-08 18:57:28,-9.4333,159.95,76.69,81,19,1.05
520,Farmington,US,2021-03-08 18:57:29,36.7281,-108.2187,60.01,32,75,9.22
521,Marsh Harbour,BS,2021-03-08 18:57:29,26.5412,-77.0636,68.02,66,88,22.95
522,Bima,ID,2021-03-08 18:57:29,-8.4667,118.7167,75.54,87,95,2.84
523,Villazon,BO,2021-03-08 18:57:30,-22.0866,-65.5942,64.58,28,61,6.71
524,Rafraf,TN,2021-03-08 18:57:30,37.1904,10.1837,57.2,82,20,3.44
